Frequency (MHz),Insertion Loss set A (dB),Insertion Loss set B (dB),Insertion Loss set C (dB),St. Dev (dB)
5,11.45,11.49,11.42,0.03
16,11.53,11.54,11.51,0.01
27,11.56,11.56,11.59,0.01
39,11.60,11.61,11.56,0.02
50,11.65,11.67,11.60,0.03
61,11.70,11.72,11.66,0.03
72,11.75,11.76,11.77,0.01
84,11.79,11.79,11.76,0.02
95,11.81,11.81,11.79,0.01
106,11.84,11.83,11.79,0.02
117,11.85,11.85,11.85,0.00
128,11.86,11.86,11.82,0.02
140,11.88,11.87,11.87,0.01
151,11.89,11.89,11.86,0.01
162,11.91,11.90,11.96,0.02
173,11.92,11.91,11.96,0.02
185,11.93,11.92,11.97,0.02
196,11.95,11.93,11.92,0.01
207,11.96,11.94,11.91,0.02
218,11.97,11.95,11.93,0.02
230,11.98,11.96,12.02,0.02
241,11.98,11.96,12.00,0.02
252,11.99,11.96,11.97,0.01
263,11.98,11.95,11.96,0.01
274,11.98,11.95,11.99,0.02
286,11.97,11.95,11.96,0.01
297,11.97,11.94,12.00,0.02
308,11.97,11.94,11.97,0.02
319,11.97,11.94,11.94,0.02
331,11.97,11.93,11.96,0.02
342,11.96,11.93,11.93,0.02
353,11.95,11.91,11.93,0.02
364,11.93,11.88,11.92,0.02
375,11.90,11.86,11.89,0.02
387,11.88,11.84,11.86,0.02
398,11.87,11.82,11.88,0.02
409,11.85,11.82,11.82,0.02
420,11.84,11.81,11.89,0.03
432,11.84,11.79,11.81,0.02
443,11.82,11.78,11.81,0.02
454,11.81,11.76,11.77,0.02
465,11.80,11.75,11.80,0.03
476,11.77,11.72,11.78,0.03
488,11.75,11.70,11.75,0.03
499,11.73,11.67,11.69,0.02
510,11.71,11.65,11.68,0.02
521,11.69,11.64,11.73,0.04
533,11.68,11.63,11.66,0.02
544,11.66,11.61,11.70,0.03
555,11.66,11.60,11.69,0.04
566,11.64,11.58,11.60,0.03
577,11.63,11.57,11.65,0.03
589,11.60,11.54,11.57,0.02
600,11.59,11.53,11.57,0.03
611,11.57,11.51,11.53,0.03
622,11.55,11.49,11.53,0.02
634,11.55,11.49,11.55,0.03
645,11.54,11.48,11.53,0.02
656,11.53,11.48,11.53,0.02
667,11.54,11.48,11.56,0.03
679,11.54,11.48,11.54,0.03
690,11.54,11.47,11.57,0.04
701,11.53,11.47,11.50,0.03
712,11.52,11.46,11.50,0.03
723,11.51,11.45,11.50,0.03
735,11.51,11.45,11.49,0.03
746,11.51,11.45,11.51,0.03
757,11.51,11.45,11.49,0.03
768,11.52,11.46,11.55,0.04
780,11.52,11.46,11.51,0.03
791,11.53,11.46,11.53,0.03
802,11.53,11.46,11.55,0.04
813,11.52,11.46,11.57,0.04
824,11.53,11.46,11.57,0.04
836,11.54,11.47,11.51,0.03
847,11.56,11.48,11.54,0.03
858,11.57,11.50,11.55,0.03
869,11.58,11.51,11.53,0.03
881,11.59,11.51,11.59,0.04
892,11.59,11.51,11.58,0.03
903,11.59,11.51,11.57,0.03
914,11.59,11.52,11.62,0.04
925,11.61,11.54,11.60,0.03
937,11.64,11.56,11.67,0.04
948,11.67,11.59,11.71,0.05
959,11.70,11.62,11.72,0.05
970,11.72,11.64,11.68,0.03
982,11.73,11.64,11.72,0.04
993,11.73,11.64,11.74,0.04
1004,11.73,11.64,11.73,0.04
1015,11.74,11.66,11.70,0.03
1026,11.76,11.68,11.78,0.04
1038,11.79,11.71,11.84,0.05
1049,11.82,11.74,11.79,0.03
1060,11.85,11.77,11.86,0.04
1071,11.87,11.78,11.88,0.05
1083,11.88,11.79,11.92,0.05
1094,11.89,11.80,11.88,0.04
1105,11.90,11.81,11.89,0.04
1116,11.93,11.84,11.94,0.04
1128,11.97,11.88,11.99,0.05
1139,12.02,11.93,12.06,0.05
1150,12.06,11.97,12.04,0.04
1161,12.10,12.01,12.11,0.05
1172,12.12,12.03,12.08,0.04
1184,12.14,12.04,12.15,0.05
1195,12.15,12.06,12.15,0.04
1206,12.17,12.08,12.17,0.04
1217,12.21,12.12,12.19,0.04
1229,12.26,12.17,12.21,0.04
1240,12.32,12.23,12.28,0.04
1251,12.39,12.30,12.35,0.04
1262,12.45,12.36,12.47,0.05
1273,12.51,12.41,12.47,0.04
1285,12.55,12.46,12.51,0.04
1296,12.60,12.50,12.64,0.06
1307,12.65,12.56,12.66,0.04
1318,12.72,12.62,12.72,0.05
1330,12.79,12.69,12.78,0.04
1341,12.87,12.78,12.84,0.04
1352,12.97,12.88,12.99,0.05
1363,13.08,12.98,13.04,0.04
1374,13.18,13.09,13.17,0.04
1386,13.28,13.19,13.24,0.03
1397,13.38,13.29,13.42,0.06
1408,13.47,13.38,13.46,0.04
1419,13.56,13.47,13.52,0.04
1431,13.66,13.55,13.68,0.06
1442,13.76,13.66,13.79,0.06
1453,13.87,13.76,13.88,0.05
1464,13.99,13.88,14.02,0.06
1475,14.10,13.99,14.13,0.06
1487,14.20,14.10,14.21,0.05
1498,14.29,14.18,14.25,0.05
1509,14.36,14.25,14.39,0.06
1520,14.43,14.31,14.43,0.06
1532,14.48,14.35,14.49,0.06
1543,14.52,14.39,14.48,0.05
1554,14.57,14.44,14.60,0.07
1565,14.62,14.50,14.62,0.06
1577,14.69,14.55,14.64,0.06
1588,14.74,14.60,14.71,0.06
1599,14.78,14.64,14.77,0.06
1610,14.80,14.66,14.82,0.07
1621,14.80,14.67,14.78,0.06
1633,14.80,14.67,14.79,0.06
1644,14.80,14.66,14.84,0.07
1655,14.80,14.67,14.80,0.06
1666,14.81,14.68,14.76,0.06
1678,14.83,14.69,14.87,0.08
1689,14.83,14.69,14.84,0.07
1700,14.82,14.69,14.83,0.07
1711,14.82,14.67,14.87,0.08
1722,14.79,14.65,14.81,0.07
1734,14.77,14.62,14.76,0.07
1745,14.75,14.61,14.71,0.06
1756,14.74,14.60,14.75,0.07
1767,14.73,14.59,14.76,0.07
1779,14.73,14.60,14.74,0.07
1790,14.73,14.60,14.77,0.07
1801,14.73,14.60,14.71,0.06
1812,14.72,14.58,14.68,0.06
1823,14.69,14.56,14.71,0.07
1835,14.67,14.54,14.65,0.06
1846,14.66,14.52,14.67,0.07
1857,14.64,14.50,14.65,0.07
1868,14.63,14.48,14.66,0.08
1880,14.62,14.48,14.63,0.07
1891,14.61,14.47,14.58,0.06
1902,14.60,14.46,14.57,0.06
1913,14.58,14.44,14.63,0.08
1924,14.55,14.41,14.51,0.06
1936,14.52,14.38,14.53,0.07
1947,14.49,14.34,14.49,0.07
1958,14.45,14.31,14.45,0.07
1969,14.43,14.29,14.39,0.06
1981,14.42,14.28,14.46,0.08
1992,14.42,14.28,14.40,0.06
2003,14.43,14.28,14.42,0.07
2014,14.41,14.26,14.42,0.07
2026,14.38,14.23,14.39,0.07
2037,14.32,14.17,14.35,0.08
2048,14.25,14.10,14.21,0.06
2059,14.19,14.04,14.15,0.07
2070,14.16,14.01,14.15,0.07
2082,14.16,14.00,14.14,0.07
2093,14.18,14.03,14.15,0.07
2104,14.23,14.07,14.25,0.08
2115,14.27,14.11,14.30,0.08
2127,14.32,14.15,14.30,0.08
2138,14.42,14.25,14.42,0.08
2149,14.61,14.44,14.60,0.08
2160,14.90,14.72,14.93,0.09
2171,15.17,14.99,15.13,0.08
2183,15.28,15.10,15.26,0.08
2194,15.26,15.08,15.29,0.09
2205,15.18,15.00,15.14,0.08
2216,15.13,14.96,15.13,0.08
2228,15.13,14.95,15.11,0.08
2239,15.17,14.99,15.17,0.08
2250,15.24,15.05,15.26,0.09
2250,25.01,24.18,25.03,0.40
2256,25.13,24.15,25.14,0.46
2262,25.02,24.11,24.98,0.42
2267,25.18,24.04,25.21,0.55
2273,25.37,24.02,25.41,0.65
2279,25.20,23.95,25.19,0.59
2285,25.00,23.93,24.99,0.50
2290,24.93,23.88,24.93,0.49
2296,24.85,23.85,24.82,0.46
2302,24.77,23.82,24.79,0.46
2308,24.60,23.80,24.56,0.37
2313,24.45,23.75,24.46,0.33
2319,24.33,23.69,24.29,0.29
2325,24.14,23.61,24.18,0.26
2331,23.94,23.51,23.90,0.19
2336,23.73,23.40,23.77,0.17
2342,23.51,23.29,23.52,0.11
2348,23.31,23.15,23.26,0.06
2354,23.10,23.05,23.05,0.02
2359,22.90,22.93,22.93,0.02
2365,22.71,22.81,22.67,0.06
2371,22.54,22.72,22.54,0.08
2377,22.40,22.60,22.37,0.10
2382,22.27,22.53,22.27,0.12
2388,22.16,22.43,22.18,0.13
2394,22.05,22.32,22.04,0.13
2400,21.95,22.19,21.97,0.11
2405,21.84,22.05,21.88,0.09
2411,21.72,21.87,21.70,0.08
2417,21.60,21.65,21.63,0.02
2423,21.47,21.44,21.49,0.02
2428,21.33,21.23,21.32,0.04
2434,21.22,21.01,21.20,0.09
2440,21.11,20.82,21.15,0.15
2446,21.04,20.65,20.99,0.17
2451,20.98,20.52,20.95,0.21
2457,20.93,20.40,20.95,0.26
2463,20.91,20.30,20.91,0.29
2469,20.91,20.20,20.90,0.33
2474,20.92,20.10,20.90,0.38
2480,20.93,19.99,20.97,0.45
2486,20.90,19.86,20.91,0.49
2492,20.84,19.68,20.81,0.54
2497,20.76,19.53,20.73,0.57
2503,20.67,19.34,20.67,0.62
2509,20.57,19.20,20.61,0.66
2515,20.48,19.09,20.46,0.65
2520,20.42,19.01,20.39,0.66
2526,20.39,19.00,20.38,0.65
2532,20.39,19.03,20.43,0.65
2538,20.40,19.09,20.41,0.62
2543,20.42,19.17,20.40,0.58
2549,20.43,19.26,20.44,0.55
2555,20.42,19.31,20.39,0.51
2561,20.40,19.36,20.44,0.50
2566,20.36,19.36,20.39,0.48
2572,20.30,19.38,20.31,0.43
2578,20.23,19.38,20.20,0.39
2584,20.17,19.38,20.17,0.37
2589,20.11,19.41,20.14,0.34
2595,20.09,19.48,20.09,0.29
2601,20.10,19.57,20.05,0.24
2607,20.15,19.69,20.15,0.22
2612,20.20,19.82,20.17,0.17
2618,20.25,19.97,20.24,0.13
2624,20.30,20.10,20.30,0.09
2630,20.32,20.22,20.34,0.05
2635,20.30,20.36,20.28,0.03
2641,20.27,20.44,20.23,0.09
2647,20.21,20.54,20.23,0.15
2653,20.13,20.64,20.14,0.24
2658,20.03,20.77,20.05,0.34
2664,19.94,20.87,19.96,0.44
2670,19.86,21.01,19.88,0.54
2676,19.80,21.15,19.78,0.64
2681,19.77,21.27,19.73,0.72
2687,19.77,21.41,19.75,0.78
2693,19.80,21.52,19.77,0.82
2699,19.83,21.61,19.80,0.84
2704,19.86,21.65,19.86,0.84
2710,19.89,21.64,19.91,0.82
2716,19.91,21.59,19.87,0.80
2722,19.89,21.50,19.84,0.77
2727,19.87,21.37,19.86,0.71
2733,19.84,21.23,19.82,0.66
2739,19.79,21.08,19.82,0.60
2745,19.75,20.94,19.76,0.56
2750,19.71,20.81,19.70,0.52
2756,19.70,20.67,19.65,0.47
2762,19.69,20.57,19.65,0.42
2768,19.70,20.50,19.74,0.37
2773,19.75,20.43,19.72,0.33
2779,19.79,20.41,19.79,0.29
2785,19.83,20.39,19.83,0.27
2791,19.87,20.36,19.91,0.22
2796,19.90,20.37,19.90,0.22
2802,19.92,20.35,19.89,0.21
2808,19.92,20.33,19.94,0.19
2814,19.91,20.30,19.91,0.18
2819,19.90,20.27,19.89,0.18
2825,19.88,20.26,19.88,0.18
2831,19.86,20.21,19.81,0.18
2837,19.84,20.18,19.84,0.16
2842,19.84,20.12,19.88,0.12
2848,19.84,20.05,19.85,0.10
2854,19.84,20.00,19.88,0.07
2860,19.84,19.95,19.79,0.07
2865,19.83,19.90,19.84,0.03
2871,19.81,19.87,19.78,0.04
2877,19.79,19.84,19.77,0.03
2883,19.75,19.81,19.73,0.03
2888,19.72,19.79,19.72,0.03
2894,19.68,19.78,19.70,0.04
2900,19.65,19.76,19.61,0.07
2906,19.62,19.79,19.64,0.08
2911,19.60,19.84,19.59,0.12
2917,19.59,19.87,19.60,0.13
2923,19.59,19.93,19.55,0.17
2929,19.61,19.99,19.57,0.19
2934,19.64,20.07,19.67,0.20
2940,19.67,20.13,19.71,0.21
2946,19.70,20.19,19.71,0.23
2952,19.71,20.23,19.72,0.24
2957,19.72,20.25,19.72,0.25
2963,19.72,20.25,19.73,0.25
2969,19.71,20.25,19.72,0.25
2975,19.70,20.23,19.72,0.24
2980,19.70,20.23,19.68,0.26
2986,19.71,20.23,19.68,0.25
2992,19.74,20.24,19.70,0.25
2998,19.78,20.29,19.73,0.25
3003,19.84,20.35,19.83,0.25
3009,19.90,20.42,19.95,0.23
3015,20.00,20.51,20.04,0.23
3021,20.10,20.60,20.06,0.25
3026,20.19,20.66,20.21,0.22
3032,20.27,20.71,20.24,0.21
3038,20.33,20.73,20.32,0.19
3044,20.37,20.70,20.38,0.15
3049,20.40,20.68,20.39,0.14
3055,20.41,20.63,20.40,0.11
3061,20.41,20.60,20.45,0.08
3067,20.42,20.54,20.44,0.05
3072,20.45,20.52,20.41,0.04
3078,20.49,20.50,20.48,0.01
3084,20.56,20.54,20.57,0.01
3090,20.64,20.57,20.62,0.03
3095,20.74,20.63,20.77,0.06
3101,20.86,20.70,20.87,0.08
3107,20.98,20.79,20.95,0.09
3113,21.12,20.86,21.09,0.12
3118,21.24,20.89,21.29,0.18
3124,21.31,20.93,21.30,0.18
3130,21.36,20.91,21.32,0.20
3136,21.39,20.88,21.40,0.24
3141,21.37,20.83,21.32,0.25
3147,21.35,20.78,21.37,0.27
3153,21.32,20.72,21.28,0.27
3159,21.29,20.69,21.34,0.30
3164,21.26,20.67,21.26,0.28
3170,21.25,20.67,21.25,0.27
3176,21.26,20.68,21.26,0.28
3182,21.28,20.71,21.30,0.27
3187,21.33,20.75,21.29,0.26
3193,21.39,20.80,21.37,0.27
3199,21.47,20.85,21.44,0.29
3205,21.54,20.88,21.57,0.32
3210,21.62,20.90,21.62,0.34
3216,21.68,20.91,21.72,0.37
3222,21.72,20.93,21.75,0.38
3228,21.77,20.92,21.78,0.40
3233,21.79,20.94,21.84,0.41
3239,21.82,20.96,21.80,0.40
3245,21.85,21.04,21.82,0.38
3251,21.88,21.13,21.87,0.35
3256,21.90,21.24,21.93,0.32
3262,21.94,21.42,21.92,0.24
3268,21.96,21.61,21.99,0.17
3274,21.99,21.82,21.98,0.08
3279,22.01,22.02,22.04,0.01
3285,22.01,22.24,21.98,0.11
3291,22.01,22.43,22.04,0.19
3297,21.98,22.59,21.98,0.29
3302,21.94,22.72,21.89,0.38
3308,21.87,22.82,21.85,0.45
3314,21.80,22.86,21.75,0.51
3320,21.72,22.83,21.69,0.53
3325,21.64,22.79,21.68,0.53
3331,21.56,22.71,21.60,0.53
3337,21.50,22.64,21.53,0.53
3343,21.44,22.56,21.46,0.52
3348,21.41,22.48,21.43,0.50
3354,21.38,22.41,21.39,0.49
3360,21.35,22.38,21.36,0.48
3366,21.32,22.35,21.32,0.49
3371,21.30,22.31,21.25,0.49
3377,21.25,22.26,21.23,0.48
3383,21.21,22.21,21.16,0.48
3389,21.16,22.14,21.13,0.47
3394,21.09,22.09,21.12,0.46
3400,21.04,22.04,21.09,0.46
3400,19.37,19.03,19.35,0.16
3408,19.50,19.17,19.45,0.14
3416,19.58,19.24,19.56,0.16
3424,19.86,19.54,19.90,0.16
3432,19.79,19.48,19.80,0.15
3440,19.88,19.61,19.84,0.12
3448,19.99,19.76,19.95,0.10
3456,20.07,19.86,20.02,0.09
3464,20.11,19.94,20.12,0.08
3472,20.13,19.98,20.09,0.06
3480,20.10,19.96,20.06,0.06
3488,20.02,19.88,20.03,0.07
3496,19.94,19.80,19.95,0.07
3504,19.86,19.69,19.88,0.09
3512,19.81,19.61,19.81,0.10
3520,19.81,19.58,19.78,0.10
3528,19.83,19.57,19.78,0.11
3536,19.88,19.62,19.84,0.12
3544,19.96,19.68,19.93,0.12
3552,19.98,19.71,20.00,0.13
3560,19.94,19.67,19.93,0.13
3568,19.84,19.56,19.81,0.13
3576,19.70,19.42,19.74,0.14
3584,19.53,19.24,19.52,0.13
3592,19.37,19.06,19.37,0.14
3600,19.23,18.90,19.27,0.16
3608,19.12,18.77,19.16,0.18
3616,19.06,18.70,19.03,0.16
3624,19.04,18.68,19.05,0.17
3632,19.05,18.69,19.08,0.18
3640,19.05,18.67,19.08,0.19
3648,19.03,18.65,18.99,0.17
3656,18.98,18.61,18.95,0.17
3664,18.90,18.53,18.90,0.18
3672,18.81,18.43,18.85,0.19
3680,18.75,18.34,18.80,0.21
3688,18.71,18.27,18.69,0.20
3696,18.70,18.25,18.68,0.21
3704,18.73,18.26,18.70,0.22
3712,18.79,18.33,18.75,0.21
3720,18.87,18.39,18.82,0.21
3728,18.94,18.47,18.95,0.22
3736,18.99,18.51,18.95,0.22
3744,19.02,18.54,19.02,0.23
3752,19.04,18.56,19.07,0.23
3760,19.07,18.60,19.05,0.21
3768,19.11,18.66,19.10,0.21
3776,19.18,18.75,19.19,0.21
3784,19.28,18.87,19.27,0.19
3792,19.40,18.99,19.36,0.18
3800,19.51,19.12,19.52,0.19
3808,19.60,19.24,19.58,0.17
3816,19.69,19.34,19.66,0.16
3824,19.74,19.40,19.79,0.17
3832,19.80,19.45,19.84,0.17
3840,19.83,19.49,19.83,0.16
3848,19.87,19.53,19.91,0.17
3856,19.91,19.57,19.93,0.17
3864,19.98,19.61,20.03,0.19
3872,20.04,19.67,20.00,0.17
3880,20.11,19.71,20.08,0.18
3888,20.15,19.75,20.19,0.20
3896,20.18,19.75,20.14,0.19
3904,20.17,19.74,20.15,0.20
3912,20.15,19.69,20.15,0.22
3920,20.12,19.65,20.10,0.22
3928,20.08,19.59,20.10,0.24
3936,20.06,19.58,20.06,0.23
3944,20.04,19.55,20.08,0.24
3952,20.03,19.55,19.99,0.22
3960,20.04,19.57,19.99,0.21
3968,20.04,19.58,20.02,0.21
3976,20.05,19.59,20.03,0.21
3984,20.05,19.60,20.01,0.20
3992,20.04,19.59,20.09,0.22
4000,20.01,19.58,20.03,0.21
4008,20.00,19.56,19.96,0.20
4016,19.99,19.53,20.02,0.22
4024,20.00,19.53,20.02,0.23
4032,20.02,19.57,20.04,0.22
4040,20.08,19.60,20.04,0.22
4048,20.14,19.66,20.12,0.23
4056,20.23,19.74,20.18,0.22
4064,20.28,19.80,20.27,0.22
4072,20.33,19.85,20.38,0.24
4080,20.35,19.87,20.36,0.23
4088,20.36,19.87,20.32,0.22
4096,20.35,19.87,20.37,0.23
4104,20.34,19.85,20.30,0.22
4112,20.36,19.86,20.40,0.25
4120,20.42,19.91,20.43,0.24
4128,20.54,20.04,20.59,0.25
4136,20.68,20.18,20.67,0.23
4144,20.82,20.34,20.82,0.23
4152,20.94,20.47,20.99,0.23
4160,21.01,20.56,20.99,0.20
4168,21.01,20.57,21.04,0.22
4176,20.93,20.51,20.88,0.19
4184,20.79,20.38,20.84,0.21
4192,20.62,20.20,20.67,0.21
4200,20.45,19.98,20.42,0.21
4208,20.30,19.85,20.28,0.21
4216,20.22,19.74,20.21,0.22
4224,20.20,19.73,20.17,0.21
4232,20.25,19.80,20.24,0.21
4240,20.36,19.90,20.32,0.21
4248,20.48,20.03,20.53,0.23
4256,20.61,20.16,20.62,0.21
4264,20.74,20.30,20.70,0.20
4272,20.83,20.40,20.82,0.20
4280,20.89,20.45,20.87,0.20
4288,20.91,20.48,20.93,0.21
4296,20.92,20.47,20.88,0.20
4304,20.94,20.47,20.89,0.21
4312,20.97,20.50,20.99,0.23
4320,21.01,20.55,21.04,0.22
4328,21.09,20.63,21.10,0.22
4336,21.17,20.72,21.15,0.21
4344,21.27,20.81,21.29,0.22
4352,21.35,20.89,21.40,0.23
4360,21.40,20.91,21.37,0.22
4368,21.40,20.91,21.43,0.23
4376,21.38,20.91,21.42,0.23
4384,21.35,20.85,21.36,0.24
4392,21.33,20.84,21.29,0.22
4400,21.32,20.82,21.29,0.23
4408,21.31,20.81,21.30,0.23
4416,21.31,20.80,21.26,0.23
4424,21.31,20.81,21.30,0.24
4432,21.32,20.83,21.35,0.24
4440,21.34,20.84,21.38,0.25
4448,21.40,20.89,21.43,0.25
4456,21.49,20.97,21.45,0.23
4464,21.64,21.10,21.62,0.25
4472,21.81,21.30,21.82,0.24
4480,22.03,21.49,22.06,0.26
4488,22.24,21.72,22.25,0.25
4496,22.44,21.90,22.41,0.25
4504,22.62,22.12,22.57,0.22
4512,22.73,22.26,22.72,0.22
4520,22.79,22.32,22.76,0.22
4528,22.76,22.35,22.74,0.19
4536,22.70,22.28,22.73,0.21
4544,22.59,22.19,22.59,0.19
4552,22.49,22.07,22.51,0.20
4560,22.41,21.99,22.44,0.20
4568,22.36,21.95,22.35,0.19
4576,22.36,21.95,22.37,0.20
4584,22.38,21.98,22.41,0.20
4592,22.40,21.99,22.36,0.18
4600,22.39,22.00,22.36,0.18
4608,22.33,21.93,22.29,0.18
4616,22.21,21.81,22.21,0.19
4624,22.05,21.64,22.01,0.18
4632,21.84,21.39,21.84,0.21
4640,21.60,21.11,21.60,0.23
4648,21.36,20.82,21.38,0.26
4656,21.14,20.59,21.12,0.25
4664,20.96,20.37,20.94,0.27
4672,20.84,20.24,20.80,0.28
4680,20.77,20.15,20.81,0.30
4688,20.73,20.12,20.74,0.29
4696,20.72,20.13,20.76,0.29
4704,20.72,20.11,20.73,0.29
4712,20.70,20.12,20.71,0.27
4720,20.70,20.14,20.73,0.27
4728,20.70,20.15,20.73,0.26
4736,20.72,20.20,20.77,0.26
4744,20.78,20.29,20.73,0.22
4752,20.86,20.42,20.88,0.21
4760,21.00,20.59,21.05,0.21
4768,21.18,20.81,21.19,0.18
4776,21.38,21.07,21.37,0.14
4784,21.61,21.40,21.57,0.09
4792,21.88,21.75,21.85,0.05
4800,22.18,22.16,22.18,0.01
4808,22.52,22.61,22.56,0.04
4816,22.89,23.10,22.91,0.09
4824,23.30,23.60,23.29,0.14
4832,23.71,24.09,23.66,0.19
4840,24.14,24.54,24.11,0.20
4848,24.56,24.96,24.56,0.19
4856,24.97,25.36,24.98,0.18
4864,25.36,25.65,25.32,0.15
4872,25.71,25.95,25.69,0.12
4880,25.98,26.11,26.01,0.05
4888,26.19,26.23,26.14,0.04
4896,26.29,26.25,26.33,0.03
4904,26.33,26.19,26.29,0.06
4912,26.32,26.10,26.31,0.10
4920,26.25,26.03,26.30,0.12
4928,26.16,25.82,26.18,0.17
4936,26.04,25.66,26.02,0.18
4944,25.90,25.50,25.86,0.18
4952,25.75,25.31,25.74,0.21
4960,25.59,25.08,25.64,0.25
4968,25.42,24.85,25.42,0.27
4976,25.24,24.68,25.19,0.26
4984,25.05,24.46,25.02,0.27
4992,24.83,24.22,24.80,0.28
5000,24.60,24.00,24.59,0.28
5000,18.15,18.02,18.18,0.07
5009,18.31,18.18,18.35,0.07
5018,18.54,18.40,18.57,0.08
5027,18.71,18.57,18.72,0.07
5036,18.76,18.60,18.71,0.06
5045,18.83,18.69,18.86,0.07
5054,18.89,18.74,18.87,0.07
5063,18.88,18.75,18.87,0.06
5072,18.90,18.74,18.86,0.07
5081,18.88,18.72,18.92,0.08
5090,18.86,18.71,18.83,0.07
5099,18.84,18.69,18.83,0.07
5108,18.87,18.73,18.87,0.07
5117,18.89,18.76,18.94,0.08
5126,18.93,18.78,18.97,0.08
5135,18.94,18.79,18.93,0.07
5144,18.93,18.80,18.88,0.05
5153,18.91,18.75,18.89,0.07
5162,18.83,18.67,18.79,0.07
5171,18.75,18.59,18.75,0.08
5180,18.69,18.53,18.65,0.07
5189,18.66,18.48,18.63,0.08
5198,18.67,18.49,18.67,0.09
5207,18.68,18.52,18.65,0.07
5216,18.74,18.57,18.78,0.09
5225,18.80,18.63,18.78,0.08
5234,18.85,18.69,18.86,0.08
5243,18.86,18.68,18.83,0.08
5252,18.87,18.70,18.87,0.08
5261,18.85,18.67,18.87,0.09
5270,18.83,18.65,18.87,0.10
5279,18.81,18.64,18.78,0.08
5288,18.83,18.65,18.82,0.08
5297,18.86,18.67,18.85,0.09
5306,18.91,18.71,18.92,0.10
5315,18.95,18.74,18.95,0.10
5324,18.98,18.79,19.02,0.10
5333,19.01,18.82,19.00,0.09
5342,19.00,18.83,19.01,0.08
5351,18.98,18.80,18.97,0.08
5360,18.98,18.79,19.02,0.10
5369,18.99,18.80,19.00,0.10
5378,19.01,18.81,18.97,0.08
5387,19.03,18.86,19.04,0.09
5396,19.08,18.90,19.09,0.09
5405,19.11,18.92,19.10,0.09
5414,19.14,18.94,19.14,0.10
5423,19.15,18.95,19.13,0.09
5432,19.14,18.94,19.14,0.09
5441,19.13,18.91,19.11,0.10
5450,19.14,18.93,19.18,0.11
5459,19.17,18.97,19.18,0.10
5468,19.24,19.04,19.20,0.09
5477,19.37,19.15,19.35,0.10
5486,19.47,19.25,19.51,0.11
5495,19.57,19.35,19.58,0.11
5504,19.63,19.42,19.62,0.10
5513,19.66,19.45,19.61,0.09
5522,19.67,19.46,19.69,0.11
5531,19.67,19.44,19.65,0.10
5540,19.64,19.40,19.65,0.12
5549,19.63,19.41,19.59,0.10
5558,19.65,19.43,19.67,0.11
5567,19.66,19.44,19.71,0.12
5576,19.69,19.48,19.67,0.10
5585,19.71,19.49,19.66,0.10
5594,19.68,19.48,19.67,0.09
5603,19.62,19.40,19.61,0.10
5612,19.54,19.31,19.55,0.11
5621,19.42,19.20,19.42,0.10
5630,19.35,19.12,19.30,0.10
5639,19.30,19.06,19.32,0.12
5648,19.30,19.07,19.26,0.10
5657,19.34,19.11,19.30,0.10
5666,19.39,19.15,19.43,0.12
5675,19.42,19.19,19.46,0.12
5684,19.41,19.19,19.39,0.10
5693,19.37,19.14,19.34,0.10
5702,19.28,19.04,19.32,0.12
5711,19.16,18.93,19.21,0.12
5720,19.06,18.82,19.08,0.12
5729,18.99,18.75,18.97,0.11
5738,18.97,18.73,18.99,0.12
5747,18.97,18.73,18.96,0.11
5756,19.01,18.77,19.06,0.13
5765,19.06,18.82,19.05,0.11
5774,19.10,18.86,19.14,0.13
5783,19.14,18.88,19.13,0.12
5792,19.12,18.90,19.12,0.11
5801,19.14,18.90,19.18,0.13
5810,19.15,18.92,19.10,0.10
5819,19.21,18.96,19.21,0.12
5828,19.29,19.06,19.30,0.11
5837,19.38,19.14,19.34,0.10
5846,19.49,19.27,19.45,0.10
5855,19.62,19.35,19.59,0.12
5864,19.72,19.46,19.74,0.13
5873,19.80,19.55,19.84,0.13
5882,19.89,19.64,19.85,0.11
5891,19.96,19.70,19.95,0.12
5900,20.05,19.82,20.01,0.10
5909,20.19,19.96,20.21,0.12
5918,20.34,20.09,20.36,0.12
5927,20.50,20.26,20.48,0.11
5936,20.63,20.42,20.62,0.10
5945,20.78,20.54,20.75,0.11
5954,20.91,20.65,20.88,0.11
5963,20.97,20.71,20.98,0.13
5972,21.00,20.76,20.99,0.11
5981,21.07,20.79,21.07,0.13
5990,21.12,20.85,21.14,0.13
5999,21.23,20.98,21.26,0.13
6008,21.17,20.92,21.20,0.12
6017,21.38,21.12,21.38,0.12
6026,21.59,21.35,21.55,0.10
6035,21.78,21.54,21.74,0.10
6044,21.95,21.70,21.98,0.13
6053,22.09,21.82,22.07,0.12
6062,22.20,21.93,22.24,0.14
6071,22.30,22.03,22.31,0.13
6080,22.41,22.13,22.40,0.13
6089,22.49,22.24,22.46,0.11
6098,22.57,22.30,22.54,0.12
6107,22.59,22.33,22.57,0.12
6116,22.58,22.31,22.61,0.13
6125,22.56,22.31,22.55,0.11
6134,22.51,22.28,22.56,0.12
6143,22.49,22.25,22.48,0.11
6152,22.46,22.22,22.48,0.12
6161,22.46,22.20,22.43,0.12
6170,22.51,22.23,22.52,0.14
6179,22.54,22.27,22.56,0.13
6188,22.60,22.32,22.56,0.12
6197,22.66,22.40,22.71,0.14
6206,22.65,22.39,22.70,0.14
6215,22.59,22.31,22.56,0.13
6224,22.42,22.15,22.37,0.12
6233,22.14,21.89,22.11,0.11
6242,21.84,21.60,21.81,0.11
6251,21.49,21.23,21.46,0.12
6260,21.14,20.88,21.15,0.13
6269,20.82,20.55,20.79,0.12
6278,20.56,20.27,20.52,0.13
6287,20.33,20.05,20.31,0.13
6296,20.15,19.90,20.11,0.11
6305,20.02,19.77,20.02,0.12
6314,19.91,19.65,19.92,0.13
6323,19.77,19.51,19.75,0.12
6332,19.64,19.37,19.63,0.13
6341,19.49,19.23,19.45,0.12
6350,19.36,19.08,19.34,0.13
6359,19.24,18.97,19.29,0.14
6368,19.19,18.91,19.15,0.12
6377,19.18,18.89,19.13,0.13
6386,19.24,18.95,19.25,0.14
6395,19.33,19.06,19.35,0.13
6404,19.47,19.20,19.48,0.13
6413,19.62,19.34,19.62,0.13
6422,19.78,19.51,19.75,0.12
6431,19.96,19.68,19.99,0.14
6440,20.15,19.87,20.11,0.13
6449,20.40,20.12,20.40,0.13
6458,20.69,20.38,20.73,0.16
6467,20.99,20.71,21.02,0.14
6476,21.34,21.07,21.31,0.12
6485,21.72,21.44,21.69,0.13
6494,22.08,21.80,22.13,0.15
6503,22.47,22.20,22.49,0.13
6512,22.80,22.53,22.80,0.13
6521,23.14,22.87,23.14,0.13
6530,23.48,23.18,23.50,0.14
6539,23.78,23.51,23.75,0.12
6548,24.10,23.80,24.14,0.15
6557,24.34,24.02,24.37,0.16
6566,24.54,24.25,24.53,0.13
6575,24.72,24.45,24.67,0.12
6584,24.89,24.60,24.93,0.15
6593,25.08,24.74,25.06,0.15
6602,25.27,24.95,25.30,0.16
6611,25.42,25.12,25.38,0.13
6620,25.60,25.32,25.62,0.14
6629,25.75,25.49,25.76,0.13
6638,25.87,25.58,25.85,0.13
6647,25.93,25.61,25.90,0.14
6656,25.94,25.62,25.98,0.16
6665,25.91,25.54,25.92,0.17
6674,25.76,25.49,25.76,0.13
6683,25.73,25.41,25.70,0.14
6692,25.64,25.32,25.64,0.15
6701,25.57,25.26,25.61,0.15
6710,25.49,25.21,25.45,0.12
6719,25.48,25.16,25.50,0.15
6728,25.43,25.13,25.42,0.14
6737,25.40,25.09,25.35,0.13
6746,25.38,25.09,25.42,0.15
6755,25.39,25.06,25.39,0.16
6764,25.40,25.13,25.38,0.12
6773,25.49,25.19,25.48,0.14
6782,25.54,25.24,25.50,0.13
6791,25.59,25.32,25.62,0.14
6800,25.69,25.40,25.67,0.13
6800,21.70,21.61,21.71,0.05
6806,21.90,21.78,21.94,0.07
6812,21.83,21.76,21.80,0.03
6818,22.11,22.04,22.09,0.03
6824,22.30,22.17,22.25,0.05
6830,22.37,22.22,22.35,0.07
6836,22.26,22.14,22.25,0.05
6842,22.32,22.22,22.32,0.05
6848,22.38,22.25,22.33,0.05
6854,22.43,22.31,22.42,0.06
6860,22.44,22.30,22.46,0.07
6866,22.51,22.41,22.55,0.06
6872,22.63,22.48,22.66,0.08
6878,22.70,22.56,22.75,0.08
6884,22.77,22.64,22.82,0.08
6890,22.85,22.76,22.83,0.04
6896,22.97,22.85,22.99,0.06
6902,23.06,22.93,23.05,0.06
6908,23.13,23.00,23.08,0.05
6914,23.18,23.06,23.19,0.06
6920,23.22,23.09,23.25,0.07
6926,23.25,23.13,23.20,0.05
6932,23.26,23.12,23.25,0.06
6938,23.26,23.14,23.29,0.07
6944,23.27,23.14,23.27,0.06
6950,23.29,23.13,23.32,0.09
6956,23.32,23.16,23.30,0.07
6962,23.32,23.17,23.28,0.06
6968,23.33,23.19,23.29,0.06
6974,23.36,23.23,23.37,0.07
6980,23.43,23.28,23.47,0.08
6986,23.49,23.35,23.51,0.07
6992,23.56,23.44,23.53,0.05
6998,23.62,23.47,23.63,0.07
7004,23.64,23.49,23.65,0.07
7010,23.63,23.49,23.64,0.07
7016,23.61,23.47,23.59,0.06
7022,23.58,23.44,23.56,0.06
7028,23.53,23.39,23.56,0.07
7034,23.49,23.33,23.49,0.08
7040,23.42,23.30,23.40,0.05
7046,23.37,23.22,23.37,0.07
7052,23.32,23.19,23.36,0.07
7058,23.31,23.16,23.29,0.06
7064,23.33,23.18,23.34,0.07
7070,23.35,23.22,23.37,0.07
7076,23.40,23.26,23.44,0.08
7082,23.44,23.29,23.41,0.07
7088,23.52,23.33,23.50,0.09
7094,23.54,23.37,23.54,0.08
7100,23.55,23.40,23.60,0.09
7106,23.59,23.41,23.59,0.08
7112,23.59,23.40,23.56,0.08
7118,23.54,23.35,23.52,0.09
7124,23.48,23.30,23.46,0.08
7130,23.43,23.24,23.44,0.09
7136,23.35,23.17,23.34,0.09
7142,23.28,23.12,23.29,0.08
7148,23.22,23.05,23.22,0.08
7154,23.16,23.02,23.20,0.08
7160,23.15,23.04,23.16,0.06
7166,23.17,23.05,23.16,0.06
7172,23.22,23.08,23.20,0.07
7178,23.25,23.14,23.22,0.05
7184,23.33,23.21,23.35,0.06
7190,23.41,23.28,23.37,0.06
7196,23.46,23.33,23.44,0.06
7202,23.51,23.38,23.46,0.05
7208,23.55,23.40,23.55,0.07
7214,23.52,23.38,23.49,0.06
7220,23.51,23.36,23.54,0.08
7226,23.45,23.30,23.50,0.09
7232,23.39,23.22,23.34,0.07
7238,23.28,23.12,23.32,0.09
7244,23.20,23.02,23.25,0.10
7250,23.08,22.91,23.09,0.08
7256,22.97,22.83,22.98,0.07
7262,22.88,22.74,22.89,0.07
7268,22.79,22.67,22.84,0.07
7274,22.74,22.60,22.74,0.07
7280,22.70,22.57,22.70,0.06
7286,22.65,22.52,22.64,0.06
7292,22.64,22.50,22.69,0.08
7298,22.64,22.49,22.69,0.08
7304,22.63,22.46,22.66,0.09
7310,22.60,22.45,22.56,0.06
7316,22.59,22.39,22.60,0.09
7322,22.53,22.35,22.51,0.08
7328,22.44,22.31,22.40,0.05
7334,22.35,22.23,22.34,0.06
7340,22.26,22.10,22.21,0.06
7346,22.14,22.00,22.18,0.08
7352,22.01,21.86,21.99,0.07
7358,21.89,21.73,21.89,0.07
7364,21.77,21.60,21.81,0.09
7370,21.68,21.50,21.68,0.08
7376,21.58,21.40,21.61,0.09
7382,21.51,21.34,21.51,0.08
7388,21.46,21.29,21.41,0.07
7394,21.41,21.27,21.45,0.08
7400,21.40,21.24,21.38,0.07
7406,21.36,21.19,21.37,0.08
7412,21.33,21.15,21.30,0.08
7418,21.27,21.11,21.27,0.08
7424,21.21,21.01,21.17,0.08
7430,21.08,20.90,21.08,0.08
7436,20.94,20.78,20.95,0.08
7442,20.80,20.61,20.84,0.10
7448,20.61,20.45,20.61,0.08
7454,20.45,20.27,20.49,0.10
7460,20.26,20.09,20.22,0.08
7466,20.12,19.93,20.07,0.08
7472,19.98,19.78,20.02,0.10
7478,19.85,19.70,19.83,0.07
7484,19.80,19.63,19.80,0.08
7490,19.77,19.59,19.80,0.09
7496,19.75,19.57,19.72,0.08
7502,19.74,19.55,19.69,0.08
7508,19.73,19.55,19.70,0.08
7514,19.73,19.55,19.75,0.09
7520,19.74,19.55,19.72,0.09
7526,19.72,19.52,19.74,0.10
7532,19.71,19.50,19.69,0.09
7538,19.66,19.47,19.62,0.08
7544,19.61,19.41,19.60,0.09
7550,19.56,19.35,19.59,0.10
7556,19.51,19.30,19.53,0.11
7562,19.46,19.27,19.46,0.09
7568,19.44,19.22,19.43,0.10
7574,19.40,19.22,19.40,0.09
7580,19.41,19.19,19.40,0.10
7586,19.43,19.22,19.45,0.11
7592,19.44,19.25,19.43,0.09
7598,19.46,19.27,19.42,0.08
7604,19.49,19.29,19.45,0.09
7610,19.49,19.33,19.45,0.07
7616,19.56,19.38,19.58,0.09
7622,19.64,19.43,19.68,0.11
7628,19.69,19.51,19.65,0.08
7634,19.78,19.60,19.77,0.08
7640,19.83,19.65,19.85,0.09
7646,19.92,19.71,19.95,0.11
7652,19.98,19.77,19.97,0.09
7658,20.02,19.83,20.02,0.09
7664,20.06,19.87,20.10,0.10
7670,20.11,19.90,20.14,0.11
7676,20.13,19.94,20.11,0.09
7682,20.13,19.95,20.10,0.08
7688,20.14,19.94,20.12,0.09
7694,20.18,19.96,20.17,0.10
7700,20.21,20.00,20.19,0.10
7706,20.23,20.04,20.21,0.09
7712,20.28,20.09,20.30,0.09
7718,20.33,20.18,20.37,0.08
7724,20.43,20.27,20.47,0.09
7730,20.49,20.35,20.54,0.08
7736,20.63,20.43,20.62,0.09
7742,20.71,20.52,20.73,0.10
7748,20.79,20.60,20.80,0.09
7754,20.88,20.67,20.93,0.11
7760,20.92,20.73,20.97,0.11
7766,20.94,20.76,20.91,0.08
7772,20.95,20.76,20.99,0.10
7778,20.98,20.78,20.96,0.09
7784,21.01,20.78,20.96,0.10
7790,21.01,20.80,21.05,0.11
7796,21.03,20.80,21.00,0.10
7802,21.03,20.82,21.07,0.11
7808,21.04,20.84,21.08,0.11
7814,21.05,20.86,21.05,0.09
7820,21.08,20.87,21.06,0.09
7826,21.10,20.94,21.07,0.07
7832,21.14,20.95,21.19,0.10
7838,21.19,20.98,21.17,0.10
7844,21.22,21.02,21.20,0.09
7850,21.23,21.01,21.23,0.10
7856,21.23,21.02,21.22,0.10
7862,21.24,21.02,21.23,0.10
7868,21.23,21.01,21.19,0.09
7874,21.24,21.03,21.20,0.09
7880,21.24,21.02,21.27,0.11
7886,21.26,21.01,21.30,0.13
7892,21.26,21.01,21.25,0.12
7898,21.25,21.05,21.22,0.09
7904,21.30,21.06,21.30,0.11
7910,21.32,21.10,21.34,0.11
7916,21.35,21.13,21.36,0.11
7922,21.37,21.18,21.36,0.09
7928,21.40,21.17,21.38,0.10
7934,21.40,21.20,21.42,0.10
7940,21.41,21.19,21.46,0.12
7946,21.42,21.20,21.38,0.10
7952,21.42,21.18,21.40,0.11
7958,21.39,21.14,21.39,0.12
7964,21.41,21.16,21.38,0.11
7970,21.42,21.16,21.45,0.13
7976,21.45,21.17,21.50,0.15
7982,21.50,21.23,21.46,0.12
7988,21.56,21.31,21.54,0.11
7994,21.67,21.44,21.63,0.10
8000,21.78,21.54,21.79,0.11
